name,address,email,phone_number,job,company,date_of_birth,ssn,credit_card_number,credit_card_provider,credit_card_expire
Charles Roberts,"2403 Mcclure Spur Suite 521
East Virginiaton, DC 24560",sierralewis@example.net,001-757-346-0851x687,"Surveyor, building",Anderson Inc,1976-12-25,247-44-2510,6538085347277179,Mastercard,07/33
Sharon Miller,"Unit 4439 Box 3265
DPO AP 89112",jennifergilmore@example.net,391-287-1360x79536,Lobbyist,Larson-Mcgrath,1950-04-12,234-78-1604,213156774337615,VISA 13 digit,04/30
Grant Anderson,"66958 Mitchell Divide
Sylviaview, AL 19577",jasongarcia@example.com,(966)978-0351,Plant breeder/geneticist,Kelley and Sons,1917-07-19,768-18-0428,4219940695404557672,Maestro,01/27
Brandi Hill,"02972 Bowers Flats Apt. 587
Port Karen, PR 93254",david66@example.org,7203277872,Surgeon,"Simon, Garcia and Nunez",1978-10-03,630-20-3272,4894870803299012993,VISA 13 digit,02/27
Carolyn Williams,"61065 Simmons Extension
Port Jeffreyfort, WA 66670",christopherlarsen@example.com,001-976-637-6992x170,Medical technical officer,Fleming and Sons,1974-12-02,013-48-2018,576116968784,JCB 15 digit,02/35
Johnathan Garcia,"5019 Harris Ridges Apt. 902
Brandonland, WI 51679",ginarobles@example.com,(374)783-6033,Hospital doctor,Jensen Inc,1946-08-01,627-25-2200,503843845069,VISA 13 digit,11/25
Matthew Martinez,"14162 Miller Way Suite 297
East Cody, TN 38816",kingbrianna@example.net,+1-432-718-4316x9062,Planning and development surveyor,Medina-Nelson,1983-02-06,406-19-3711,3524418388688173,JCB 16 digit,04/30
Laura Hoffman,"USCGC Krause
FPO AA 78749",jacksonsandra@example.net,992-218-0212x124,Travel agency manager,"Mccarty, Rowe and Hardy",1916-01-10,407-19-5288,30137545655957,JCB 16 digit,05/29
Melissa Wilson,"Unit 5720 Box 7329
DPO AA 24866",michaelcooper@example.net,001-801-470-1387x72090,"Solicitor, Scotland",Phillips-Rowe,1917-03-03,084-28-1566,2237727903827664,Maestro,05/34
Joshua Robinson,"837 Huang Mews
West Jaredmouth, NE 34121",michaelmoore@example.com,792-648-0216,"Engineer, control and instrumentation","Valenzuela, Obrien and Williamson",1938-08-27,221-69-4305,4928924809954425,JCB 16 digit,01/29
