address,email,job,company,date_of_birth,credit_card_number,credit_card_provider,credit_card_expire,iban,first_name,last_name,phone,bureau
"9873 John Fort Suite 560
Jessicaland, NJ 92651",hsmith@example.com,"Production assistant, television",Fernandez-Hart,1936-02-16,4497383897034,VISA 16 digit,01-04-33,GB67QQXR62530753241657,Colin,Hernandez,(605)552-4666,
"53038 Elizabeth Pines Suite 662
Brownmouth, WY 59525",hevans@example.net,"Engineer, aeronautical",Stewart PLC,1910-09-05,4500647468766235785,VISA 16 digit,01-06-28,GB94MWTS75251442969367,Carrie,Newton,(255)638-1345,32467
"5241 Hodge Brook Apt. 056
Alyssachester, KY 74623",blake28@example.net,"Engineer, production",Fields LLC,1955-12-23,4524226787210830,VISA 16 digit,01-07-30,GB19MRAU53286539413909,Amanda,Daniel,+1-330-273-3579,8539
"67747 Kim Lock Suite 502
Port Ronaldside, NM 75167",franklinfigueroa@example.net,"Engineer, production",Thompson LLC,1921-12-14,2680559462842541,VISA 16 digit,01-08-28,GB48JBAW22734956890018,Leslie,Miller,670-404-6957,8603
"4509 Spears Motorway Suite 551
Amyport, CO 90757",melissa96@example.net,Armed forces training and education officer,Gordon-Young,1912-08-09,4985900389950363,VISA 16 digit,01-05-27,GB32LMTH11224853444257,Sandra,Valentine,643-917-1003,8434
"568 Emma Island Suite 901
Taylorberg, OH 90808",fbernard@example.org,Hotel manager,Mcbride LLC,1936-10-09,4794113025090922,VISA 16 digit,01-01-34,GB15PCMI58162341354558,Kristina,Miller,(794)247-5109,752
"759 Lauren Ford Suite 187
Port Rhondaview, VT 70708",robin24@example.com,Civil Service fast streamer,"Leonard, Vaughn and Bailey",1960-04-06,3550831654830336,VISA 16 digit,01-04-35,GB20RZWP79248405065834,Brittany,Lopez,328.556.8145,74071
"39062 Davidson Landing Suite 021
Wrightview, OH 54564",msmith@example.com,Pension scheme manager,"Carney, Smith and Fry",1938-12-22,5385431529951882,VISA 16 digit,01-04-29,GB17PTUZ63848538962337,Lori,Melendez,540.951.2225,6124
"59172 Jaclyn Glens
Mirandaberg, NJ 50391",kferguson@example.net,"Teacher, primary school",Tran PLC,1948-03-08,3551314859775993,VISA 16 digit,01-12-27,GB70XBSH12757307997282,Brenda,Romero,544.392.2924,
"843 Chelsea Fork Suite 690
East James, DE 71081",xjones@example.net,Dance movement psychotherapist,Brooks-Smith,1945-10-08,30133753605446,VISA 16 digit,01-04-33,GB98PWLL73173448116314,Kathleen,Campbell,(895)364-4697,95072
"USCGC Beck
FPO AE 45732",stacy20@example.com,Copy,Ramirez Inc,1924-08-12,30104533489542,VISA 16 digit,01-04-31,GB98NCLB13932407783443,Marcus,Lopez,+1-576-973-6556,
"USS Brown
FPO AP 12378",andrea18@example.net,Mining engineer,Maddox-Henry,1946-11-30,38590294606914,VISA 16 digit,01-06-29,GB86WUHZ14014897301668,Jeremy,Harris,2388892894,
"PSC 6032, Box 1965
APO AE 03145",trevor74@example.net,Chief Technology Officer,"Allen, Thompson and Bailey",1944-12-20,2719976346052292,VISA 16 digit,01-08-35,GB17VONU03948727410654,Tiffany,Brown,001-604-666-2759,
"2790 Jessica Walks Apt. 661
East Jasonville, PR 86290",kennethestes@example.org,Academic librarian,Hall Group,1992-02-16,4841685860127359,VISA 16 digit,01-03-29,GB77WRXY90458615072790,Travis,Pena,420.421.9809,9566
"37073 Katelyn Village Suite 541
East Jessica, NV 66606",jamesmccoy@example.net,"Solicitor, Scotland",Thompson Inc,1929-09-30,4446343848553,VISA 16 digit,01-08-35,GB21TXFT45736127204804,Michael,Duncan,+1-301-613-7697,
"71242 Smith Wall
North Williamburgh, CT 39056",brianna72@example.org,Cytogeneticist,Roberts Inc,1930-06-26,3571382808727049,VISA 16 digit,01-06-33,GB84QSEL14279441099164,Nicholas,Williams,459.370.7759,5753
"74283 Patrick Fords Suite 285
Port Melissa, WA 85643",eanderson@example.net,Transport planner,Sutton-Brooks,1929-05-29,180004593235785,VISA 16 digit,01-04-30,GB20QQCZ01433566678183,Daniel,Holden,(563)992-0077,32651
"95280 Steven Key
North Jasmine, AZ 68502",richard87@example.org,Risk analyst,"Griffith, Brown and Matthews",1915-04-10,4734299635481644,VISA 16 digit,01-08-30,GB13VQEY11429618759719,Julie,Daniels,237.764.2390,90078
"6349 Shannon Pines
Tracyshire, MP 71967",mfritz@example.com,Network engineer,Brown-Carson,1936-04-05,180021800364307,VISA 16 digit,01-08-30,GB86VRZK23519591030332,Vanessa,Molina,+1-929-325-0127,2427
"3733 Kelley Points Suite 157
South Derektown, IL 50634",ureed@example.com,Soil scientist,Morrison-Lee,1986-12-17,213179249270633,VISA 16 digit,01-10-32,GB60QIHF51642585051110,Allison,Shepard,(986)581-8547,545
"710 Clarke Spurs Apt. 137
South Heidiberg, NM 10504",jason55@example.net,"Buyer, industrial",Strong PLC,1943-06-05,30138183262395,VISA 16 digit,01-10-31,GB59NNIE92781039368871,Mrs.,Connie,213-746-8181,282
"17572 Scott Turnpike Apt. 497
West Henryton, CA 39091",ucherry@example.net,"Journalist, newspaper",Moore-Lloyd,1950-12-05,569583017763,VISA 16 digit,01-12-32,GB68NLSD10422256838256,Tanner,Taylor,6658941765,
"9088 Stephanie Estate Suite 586
Thomaschester, LA 31750",alewis@example.net,Chief Operating Officer,Edwards-Pennington,2002-09-18,4367630917274642,VISA 16 digit,01-05-34,GB84HWNB46498787679733,Anthony,White,001-465-274-1605,80826
"384 Rivas Manor Apt. 317
East Aaron, CO 74030",brian18@example.org,Midwife,Moore and Sons,1971-01-05,4300424415710883370,VISA 16 digit,01-04-26,GB20URFL03072853419719,Michael,Kelly,(301)230-2362,
"96923 Lopez Summit Apt. 876
Anthonyshire, WY 03843",davischristopher@example.com,Sales executive,Nash-Harvey,1996-12-18,4547498793537319092,VISA 16 digit,01-12-26,GB32TBLQ29136926254478,Katherine,Harrington,(351)340-1656,
"269 Chavez Inlet
Smithbury, RI 86737",emily00@example.org,Health promotion specialist,Neal-Greene,1997-05-06,372399275584635,VISA 16 digit,01-08-35,GB61RNZM28274198565279,Amber,Washington,+1-224-636-7045,333
"6897 Kari Passage
Lake Elizabeth, NJ 18550",montgomerynancy@example.net,Museum/gallery exhibitions officer,"Thompson, Arnold and Lewis",1946-03-07,4005920529277674180,VISA 16 digit,01-03-26,GB69CFUW36072937171251,Carolyn,Schultz,(732)439-0491,
"236 Todd Streets
Granthaven, AS 19254",rhester@example.net,Arts development officer,Pena PLC,2010-03-14,3568771682729060,VISA 16 digit,01-12-30,GB45BXVV95389504493543,Sarah,Ochoa,(420)616-6273,236
"2394 Darren Run
Garrisonberg, MA 56845",mary36@example.com,Agricultural engineer,Poole LLC,2023-08-13,4310438099748,VISA 16 digit,01-12-28,GB53IHUR03451637107039,David,Webb,(947)867-6128,6270
"204 Amy Squares
Tracyfurt, RI 69587",fredhenderson@example.org,Human resources officer,Davis-Nicholson,2023-07-01,4686412778385930,VISA 16 digit,01-02-33,GB52ZYFM70012406324392,Sara,Roberts,+1-254-549-2534,07239
"185 Martin Groves
West Ericberg, AK 91889",gamblejeffrey@example.org,Warehouse manager,Singh Ltd,1930-01-29,3555616492114208,VISA 16 digit,01-03-27,GB95NZHY94733348571776,Christopher,Wagner,001-223-894-2220,3659
"990 Carter Plains
Port Chaseton, KS 16478",vickiehancock@example.org,Comptroller,Finley and Sons,1963-06-30,4641042474439402,VISA 16 digit,01-07-26,GB61PFCQ98959249493594,Regina,Jones,643-772-0642,906
"651 Timothy Villages Apt. 319
West Denise, MT 46357",lucastheresa@example.net,Sports coach,"Edwards, Lawrence and Cameron",1957-02-05,213161346268686,VISA 16 digit,01-12-33,GB92ZNWR28146080673446,Paul,Carter,974-627-1477,52043
"0394 Angela River Apt. 430
Lake Lori, DE 06369",zamoracole@example.net,Facilities manager,"Dean, Martin and Owens",2016-01-05,4365710717775175386,VISA 16 digit,01-11-28,GB19KYZZ86786571046298,Allison,Flores,4988032442,
"31128 Jessica Rest Suite 249
Vanessaview, OK 86158",masseyjason@example.com,Planning and development surveyor,"Oliver, Grant and Williams",2004-12-01,370074104717233,VISA 16 digit,01-08-32,GB13AOSI40173199143851,John,Page,(893)826-8800,
"3643 Johnson Streets Apt. 172
North Marialand, MS 29986",emurray@example.net,Corporate treasurer,Kelly PLC,1921-02-26,4480169166519190074,VISA 16 digit,01-02-34,GB63XGXG09298055210286,Monique,Garcia,001-451-392-1063,
"9728 Gregory Land Suite 964
Christopherview, GA 14037",yschultz@example.org,Analytical chemist,"Collins, Pennington and Stewart",1929-09-23,346367810566212,VISA 16 digit,01-04-26,GB22ASSY54034146215163,Christine,Young,508.751.3984,
"13229 Wheeler Tunnel
West Annettefort, MA 42167",bking@example.net,"Surveyor, insurance",Aguilar-Rogers,1974-11-16,38549780667749,VISA 16 digit,01-04-28,GB60RBRQ71204152097283,Craig,White,(301)292-6855,9641
"135 Monroe Mission
New Austin, CA 85061",graycarmen@example.org,Customer service manager,Glenn-Powell,1997-06-30,3500070646544900,VISA 16 digit,01-02-34,GB66QYGG32022916045414,Harold,Thomas,(554)316-5129,
"Unit 7477 Box 2553
DPO AA 14947",antonioevans@example.com,Information officer,Patterson-Cain,1969-03-06,3587443357530010,VISA 16 digit,01-07-26,GB60DAMT64210036466834,Eric,Smith,9777030195,
"257 Mcknight Highway
East Susan, WV 95436",tanyamontes@example.org,"Production designer, theatre/television/film",Grant-Shah,1963-02-15,5321548547882687,VISA 16 digit,01-05-33,GB61EHZA45917486459989,Cheyenne,Bowman,(673)394-6637,
"Unit 6824 Box 4327
DPO AA 55985",marianelson@example.net,Engineering geologist,Hess-Munoz,1931-11-18,4699310535712070,VISA 16 digit,01-06-34,GB81ARAC11060474090930,Robert,Herrera,872.558.3985,0250
"849 Carter Stream
Landrybury, KS 80958",kristin99@example.com,Furniture designer,"Spencer, Evans and Neal",2019-06-10,2285857647515845,VISA 16 digit,01-06-29,GB68RKRR56905775249022,Jamie,Reynolds,4435166496,
"6573 Phillip Grove
New Shawnbury, KY 31091",jessicaglenn@example.com,"Horticulturist, commercial",Arnold Ltd,2006-10-16,4196856426255816948,VISA 16 digit,01-10-33,GB26KUEW00228575116743,Sarah,Hunter,(351)538-5278,660
"2222 Olson Crossing Apt. 215
Robertshire, MD 31760",tina61@example.org,Community arts worker,Miller Ltd,1925-11-11,4815687501167077,VISA 16 digit,01-08-28,GB96FLXI23515250564548,Dylan,Lara,422.583.7422,
"974 Kimberly Ridges
Brownfort, NE 01960",gracedawson@example.org,Social researcher,Hines Group,1971-12-09,30347184004348,VISA 16 digit,01-03-27,GB56AXAG56394194534668,Corey,Bird,5759001894,
"USNS Schmidt
FPO AA 69821",bridget77@example.net,"Education officer, environmental","Mcdaniel, Jackson and Sanders",1940-12-08,4655617016212764,VISA 16 digit,01-08-33,GB17BYWC26561768225029,Laurie,Romero,+1-573-588-2526,569
"PSC 6438, Box 8184
APO AP 29069",walkercameron@example.net,Insurance claims handler,Townsend-Barnett,1969-03-15,213147473809137,VISA 16 digit,01-03-28,GB29SLBA66019452537926,David,Thompson,886.237.5645,0824
"PSC 4599, Box 4332
APO AA 07054",cfletcher@example.org,"Psychologist, sport and exercise",Smith-Kelley,1965-01-30,4301744131370851,VISA 16 digit,01-10-28,GB87FTGU36133376566077,Jon,Grant,348.200.1307,554
"4500 Johnson Brooks
New Jacob, WY 81786",larry71@example.org,Medical technical officer,Carson-Nguyen,1963-10-19,4390443286006095070,VISA 16 digit,01-12-28,GB22ISZH17316736643689,Dominique,Miller,001-693-782-0819,0346
"91572 Christopher Causeway Suite 106
West Michelleport, IL 79596",singletonkristin@example.net,Database administrator,Hoffman-Ballard,1920-04-28,4577375657684462119,VISA 16 digit,01-09-33,GB96IFZS20862143231470,Jeanette,Gonzalez,2638858728,
"906 Curtis Oval Apt. 964
East Amber, KY 19109",robertsanthony@example.com,"Accountant, chartered",Castillo LLC,1979-08-06,5500042811915582,VISA 16 digit,01-09-32,GB74CVXK79808171994403,Sandra,Hammond,001-395-861-6695,19116
"31480 Clark Junction Apt. 205
Wilkinsonmouth, WI 40585",natalie28@example.net,Petroleum engineer,"Stewart, Rivera and Rodriguez",1992-01-20,2233665859852589,VISA 16 digit,01-06-26,GB86IHQX26085547991353,Mark,Wolfe,001-830-603-5777,4673
"194 Fuller Stravenue
Kellyberg, MN 74856",gtran@example.net,"Administrator, Civil Service",Harper LLC,1959-10-25,4350145656341805547,VISA 16 digit,01-08-30,GB21IYKD79790309089160,Keith,Bell,001-517-214-4664,82070
"97647 Cole Coves
Dudleymouth, WA 99281",brett12@example.org,Media buyer,Armstrong-Harris,2006-02-12,213171210001428,VISA 16 digit,01-10-27,GB72NFPF35908409575460,David,Perry,480.970.2826,7789
"8283 Spencer Mountains
New Jasonville, CA 73503",braddavis@example.org,Information systems manager,"Morton, Ramos and Smith",1955-03-12,4195792720187870,VISA 16 digit,01-04-31,GB54UHOA61291639576765,Jim,Burns,569.706.6731,16320
"2363 Mark Springs
Masonfort, AL 68778",janet08@example.com,Housing manager/officer,Swanson-Garcia,2019-07-06,3541087840124769,VISA 16 digit,01-08-34,GB23RXOX80865917957819,Joseph,Garrison,+1-275-796-4853,82614
"7568 Courtney Knolls
South Staceyfurt, AS 47210",kelsey87@example.com,Counsellor,"Krause, Hendrix and Smith",2003-11-23,3527463268075767,VISA 16 digit,01-07-29,GB39WONE21655100040294,Kristy,Tanner,2485354031,
"PSC 6468, Box 0803
APO AA 69596",ptownsend@example.org,"Conservator, furniture",Spencer and Sons,2008-06-18,30276551873193,VISA 16 digit,01-06-32,GB87UHFG54828004174359,Lauren,Prince,255.797.4985,
"143 Kelley Alley
West Cody, IN 99774",danielrubio@example.com,Magazine features editor,Bryant Group,1946-10-21,6530448858692178,VISA 16 digit,01-05-35,GB61LXEQ12729144654749,Zachary,Shea,001-840-681-0002,42253
"323 Janice Fords
Gailside, ID 08799",mgray@example.com,Theatre manager,Nichols Group,2001-05-14,3517102347505665,VISA 16 digit,01-01-28,GB90LSWR15596593443119,Michael,Morse,001-700-591-8698,393
"035 White Groves Apt. 408
Rodrigueztown, MI 26810",nicolelamb@example.com,"Therapist, nutritional",Livingston-Santos,1985-04-11,3518567867415116,VISA 16 digit,01-06-31,GB58YFVU14799418811540,Michael,Duffy,850.363.4684,205
"4536 Brenda Causeway Apt. 685
North Rachelbury, DC 85876",lisa86@example.net,Sports administrator,Maxwell-Williams,2014-09-13,36938449572287,VISA 16 digit,01-10-26,GB26EKET11499213755336,Stephen,Burke,(419)577-9941,811
"PSC 0317, Box 5642
APO AP 21786",rodriguezbarbara@example.net,Retail banker,Thomas-Johnson,1951-11-21,4721279183174556,VISA 16 digit,01-09-27,GB69WHQE97961091281534,Eric,Buchanan,+1-904-955-7209,86969
"2357 Chelsea Fork
Reneefort, AS 28349",tabitha76@example.net,"Optician, dispensing","Duran, Davis and Aguirre",1987-04-01,30179021150780,VISA 16 digit,01-03-27,GB73PSEZ11005239436817,Elizabeth,Trujillo,4884759609,
"725 Jessica Turnpike
Barkerberg, DE 47243",stephensjennifer@example.org,Higher education lecturer,Dunn-Warren,1960-02-10,676346607424,VISA 16 digit,01-07-34,GB46TPUP96193758813547,Melissa,West,5082291228,
"9141 Ramirez Well
Ashleymouth, FM 27399",cassandra54@example.com,"Therapist, horticultural",Williams LLC,1962-03-24,4977841065852,VISA 16 digit,01-06-35,GB70IGHK97895203368417,Samantha,Walsh,(922)393-5064,2449
"9178 Melanie Fork Apt. 952
New Christopher, NM 33245",rossangela@example.org,Psychiatric nurse,Soto-Johnson,1975-07-26,213111481160313,VISA 16 digit,01-07-35,GB37PKMC10269142656760,Kristen,Reynolds,(432)423-2287,702
"928 Donald Crossing Suite 644
Hollyberg, MP 34262",kelly40@example.com,Petroleum engineer,Lopez Ltd,1976-05-21,4822844950478304,VISA 16 digit,01-01-26,GB62FZCE54332959619148,Angela,Phillips,9303134050,
"5059 Allen Lake Suite 696
New Michaelmouth, OK 28771",lloydamanda@example.com,"Designer, blown glass/stained glass",Johnson Ltd,1998-10-23,6500446221912238,VISA 16 digit,01-09-35,GB29OVBC13960415337672,Nicole,Williams,780-257-9221,006
"49556 Miles Parkway Suite 488
East Rachel, GU 42603",ginamoore@example.com,IT trainer,Johnson and Sons,1982-08-25,4727884944772,VISA 16 digit,01-02-34,GB17LLWR17256067778984,Samuel,Mcguire,(687)857-6017,
"45064 Ashley Shoal
Sheltonmouth, CT 09363",christopher58@example.com,Minerals surveyor,Hayes Inc,1929-02-15,4802473306012,VISA 16 digit,01-11-31,GB04EQGL27875633419495,Jennifer,Wu,+1-775-522-4028,
"PSC 2847, Box 1333
APO AE 59150",kingdan@example.net,Human resources officer,Marks-Rose,1959-11-01,6579243031890944,VISA 16 digit,01-12-27,GB04NCIO99463801128368,Victor,Garrett,(453)431-9833,329
"Unit 9711 Box 1733
DPO AP 07473",cferguson@example.com,"Therapist, speech and language","Ingram, Sanders and Simmons",1939-01-06,502074112124,VISA 16 digit,01-07-32,GB26PHVH79476097125269,James,Harrell,971.349.4473,
"93296 Christopher Crossroad Suite 899
Lake Russell, MI 77118",anitawilkins@example.net,Records manager,Adams Group,1952-02-15,3519628016751758,VISA 16 digit,01-01-33,GB92LUVY11467982981334,Philip,Benson,001-740-497-7119,9001
"6155 Katherine Fort
North Wendy, TN 57467",hebertgrace@example.com,Oceanographer,Williams-Strong,1914-01-07,180045701969732,VISA 16 digit,01-08-26,GB62NKEC15743007979172,Kenneth,Hurst,2936917137,
"935 Kenneth Avenue Suite 085
South Lisahaven, PA 92655",cterry@example.net,"Engineer, manufacturing","Bailey, Robinson and Pope",1995-12-19,213147150648444,VISA 16 digit,01-12-30,GB53PKMS41224058076745,Christopher,Williams,+1-800-357-3404,08037
"72511 Walker Parks Apt. 449
Williamsfurt, RI 98114",amyadams@example.net,Water quality scientist,Brown-Herrera,2019-07-24,4847175739515,VISA 16 digit,01-05-28,GB62NPLO45041341929994,Daniel,Robinson,001-303-950-4311,2013
